{"frameRate":24,"version":"5.5","armature":[{"frameRate":24,"defaultActions":[{"gotoAndPlay":"jump"}],"bone":[{"transform":{},"name":"root"},{"length":41.3,"parent":"root","transform":{"y":-3.885,"skX":-94.2274,"skY":-94.2274,"x":-1.4},"name":"bone"},{"length":49,"parent":"bone","transform":{"y":0.17031,"skX":16.9939,"skY":16.9939,"x":43.61112},"name":"mogu"},{"length":38.5,"parent":"bone","transform":{"y":-24.40417,"skX":100.6699,"skY":100.6699,"x":54.90331},"name":"mogu1"}],"aabb":{"x":-56.72916666666666,"y":-107.17388888888888,"width":106.39999999999999,"height":96.6},"slot":[{"color":{},"name":"mogu","parent":"mogu1"}],"ik":[],"skin":[{"name":"","slot":[{"display":[{"vertices":[-40.425,6.264999999999999,-50.294999999999995,-3.0449999999999995,-49.769999999999996,-20.474999999999998,-36.05,-29.645,-17.115,-43.084999999999994,-4.8999999999999995,-48.3,22.12,-48.3,36.785,-34.195,44.765,-17.99,53.199999999999996,-10.045,52.849999999999994,10.815,39.795,15.47,36.12,37.135,20.895,47.425,-11.479999999999999,48.3,-31.64,41.65,-45.08,32.059999999999995,-45.5,14.629999999999997,-16.345,2.52,-19.88,8.225,-16.939999999999998,13.125,-10.219999999999999,14.245,-3.465,9.66,-10.29,4.34,-27.02,-1.26,-28.384999999999994,1.4,-28.734999999999996,4.515,-26.354999999999997,7,-23.099999999999998,7.594999999999999,-20.125,5.25,-18.9,0.5599999999999999,-22.12,-2.0999999999999996,2.5549999999999997,4.095,3.08,7.839999999999999,5.145,10.395,10.605,11.304999999999998,13.334999999999999,8.714999999999998,13.545,5.739999999999999,5.005,2.38,9.415,2.38,12.11,3.255,7.069999999999999,2.2399999999999998,-35.315,11.479999999999999,-31.115,14.629999999999997,-25.759999999999998,15.154999999999998,-20.895,12.495000000000001,-35.73499999999999,7.9799999999999995,-33.144999999999996,5.8100000000000005,-29.89,6.2299999999999995,0.63,12.739999999999998,1.2249999999999999,19.215,11.935,21.419999999999998,17.08,16.87,13.475,12.95],"userEdges":[],"bonePose":[1,-0.073715632324381,-0.9972793016758228,0.9972793016758228,-0.073715632324381,-1.4,-3.885,3,0.9936851100967543,0.11220473239574812,-0.11220473239574812,0.9936851100967543,-29.78499999999999,-56.839999999999975,2,0.2209781915644699,-0.9752787493085741,0.9752787493085741,0.2209781915644699,-4.444999999999999,-47.39],"slotPose":[0.9999999999999999,7.91033905045424e-16,-7.91033905045424e-16,0.9999999999999999,-2.0999999999999948,-58.8],"width":106,"path":"mogu","height":96,"type":"mesh","transform":{"y":-5.053999999999999,"skX":-6.4424,"skY":-6.4424,"x":27.29027},"uvs":[0.12007,0.56486,0.0273,0.46848,0.03224,0.28804,0.16118,0.19312,0.33914,0.05399,0.45395,0,0.70789,0,0.84572,0.14601,0.92072,0.31377,1,0.39601,0.99671,0.61196,0.87401,0.66014,0.83947,0.88442,0.69638,0.99094,0.39211,1,0.20263,0.93116,0.07632,0.83188,0.07237,0.65145,0.34638,0.52609,0.31316,0.58514,0.34079,0.63587,0.40395,0.64746,0.46743,0.6,0.40329,0.54493,0.24605,0.48696,0.23322,0.51449,0.22993,0.54674,0.2523,0.57246,0.28289,0.57862,0.31086,0.55435,0.32237,0.5058,0.29211,0.47826,0.52401,0.54239,0.52895,0.58116,0.54836,0.60761,0.59967,0.61703,0.62533,0.59022,0.6273,0.55942,0.54704,0.52464,0.58849,0.52464,0.61382,0.5337,0.56645,0.52319,0.16809,0.61884,0.20757,0.65145,0.25789,0.65688,0.30362,0.62935,0.16414,0.58261,0.18849,0.56014,0.21908,0.56449,0.50592,0.63188,0.51151,0.69891,0.61217,0.72174,0.66053,0.67464,0.62664,0.63406],"weights":[2,1,0.58,2,0.42,2,2,0.86,1,0.14,2,2,0.85,1,0.15,2,2,0.96,1,0.04,2,2,0.96,1,0.04,2,2,0.96,1,0.04,2,2,0.96,1,0.04,2,2,0.96,1,0.04,2,2,0.85,1,0.15,2,2,0.85,1,0.15,2,2,0.7000000000000001,1,0.3,2,1,0.29,2,0.71,1,1,1,1,1,1,1,1,1,1,1,1,1,1,1,1,1,1,1,3,1,1,3,1,1,1,1,1,1,1,1,1,1,1,3,1,1,3,1,1,3,1,1,3,1,1,3,1,1,3,1,1,3,1,1,3,1,1,3,1,1,3,1,1,3,1,1,3,1,1,3,1,1,3,1,1,3,1,1,3,1,1,3,1,1,3,1,1,3,1,1,1,1,1,1,1,1,1,1,1,1,1,2,1,0.58,2,0.42,2,1,0.58,2,0.42,2,1,0.58,2,0.42,1,1,1,1,1,1,1,1,1,2,1,0.59,2,0.41000000000000003,2,1,0.5700000000000001,2,0.43],"edges":[0,1,1,2,2,3,3,4,4,5,5,6,6,7,7,8,8,9,9,10,10,11,11,12,12,13,13,14,14,15,15,16,16,17,17,0],"triangles":[8,11,9,9,11,10,7,40,8,37,11,8,40,37,8,39,40,7,52,12,11,37,52,11,37,36,52,51,13,12,52,51,12,6,39,7,41,39,6,5,4,38,5,38,41,36,53,52,51,14,13,5,41,6,50,14,51,30,23,38,31,30,38,4,31,38,53,51,52,35,50,51,40,39,37,35,51,53,37,39,36,39,35,36,35,53,36,41,34,39,39,34,35,34,50,35,33,34,41,49,50,34,23,32,38,38,33,41,32,33,38,21,14,50,33,49,34,3,31,4,30,18,23,32,22,33,22,49,33,23,22,32,20,14,21,22,21,49,49,21,50,20,15,14,44,15,20,23,21,22,19,20,23,18,19,23,20,21,23,43,15,44,3,24,31,30,29,18,29,19,18,45,44,20,19,45,20,16,15,43,31,29,30,24,25,31,28,45,19,27,28,29,25,27,29,31,25,29,28,19,29,3,2,24,28,44,45,25,26,27,27,44,28,2,1,24,26,48,27,43,44,27,48,43,27,1,25,24,17,16,43,42,43,48,47,42,48,0,47,25,1,0,25,25,47,26,47,48,26,46,42,47,42,17,43,0,46,47,46,0,42,0,17,42],"name":"mogu"}],"name":"mogu"}]}],"type":"Armature","animation":[{"duration":32,"bone":[{"rotateFrame":[],"translateFrame":[{"duration":16,"tweenEasing":0,"y":13.0914},{"duration":16,"tweenEasing":0,"y":3.2376400000000003},{"duration":0,"y":42.33642}],"scaleFrame":[],"name":"root"},{"rotateFrame":[{"duration":32,"tweenEasing":0,"rotate":1.76},{"duration":0,"rotate":1.76}],"translateFrame":[{"duration":2},{"duration":2,"tweenEasing":0,"y":1.17306},{"duration":4,"tweenEasing":0,"y":3.0499699999999996},{"duration":8,"tweenEasing":0,"y":8.44606},{"duration":16,"y":-31.270609999999998}],"scaleFrame":[{"duration":8,"tweenEasing":0,"x":0.84},{"duration":8,"tweenEasing":0,"x":1.18},{"duration":16,"tweenEasing":0,"x":1.01},{"duration":0,"x":0.84}],"name":"bone"},{"rotateFrame":[],"translateFrame":[],"scaleFrame":[],"name":"mogu"},{"rotateFrame":[],"translateFrame":[],"scaleFrame":[],"name":"mogu1"}],"slot":[{"displayFrame":[],"name":"mogu","colorFrame":[]}],"frame":[],"playTimes":0,"name":"jump","ffd":[]}],"name":"Armature"}],"isGlobal":0,"name":"guaiwu"}